/Users/lincoln.harris/code/cerebra/cerebra/A11_1001000408,[]
/Users/lincoln.harris/code/cerebra/cerebra/A10_B001007,[]
/Users/lincoln.harris/code/cerebra/cerebra/A11_B003119,[]
/Users/lincoln.harris/code/cerebra/cerebra/A10_B001548,[]
/Users/lincoln.harris/code/cerebra/cerebra/A11_B003523,[]
/Users/lincoln.harris/code/cerebra/cerebra/A11_B003522,[]
/Users/lincoln.harris/code/cerebra/cerebra/A11_B002572,[]
/Users/lincoln.harris/code/cerebra/cerebra/A11_B002573,[]
/Users/lincoln.harris/code/cerebra/cerebra/A11_B003527,[]
/Users/lincoln.harris/code/cerebra/cerebra/A10_B001558,[]
/Users/lincoln.harris/code/cerebra/cerebra/A10_B000863,[]
/Users/lincoln.harris/code/cerebra/cerebra/A10_B003588,[]
/Users/lincoln.harris/code/cerebra/cerebra/A10_1001000408,[]
/Users/lincoln.harris/code/cerebra/cerebra/A11_B003518,[]
/Users/lincoln.harris/code/cerebra/cerebra/A10_B003115,[]
/Users/lincoln.harris/code/cerebra/cerebra/A10_B001474,[]
/Users/lincoln.harris/code/cerebra/cerebra/A11_1001000318,[]
/Users/lincoln.harris/code/cerebra/cerebra/A11_B001551,[]
/Users/lincoln.harris/code/cerebra/cerebra/A11_B001545,[]
/Users/lincoln.harris/code/cerebra/cerebra/A11_B001554,[]
/Users/lincoln.harris/code/cerebra/cerebra/A10_B003070,[]
/Users/lincoln.harris/code/cerebra/cerebra/A10_B003528,[]
/Users/lincoln.harris/code/cerebra/cerebra/A10_B003529,[]
/Users/lincoln.harris/code/cerebra/cerebra/A10_B001470,[]
/Users/lincoln.harris/code/cerebra/cerebra/A10_B003071,[]
/Users/lincoln.harris/code/cerebra/cerebra/A11_B002077,[]
/Users/lincoln.harris/code/cerebra/cerebra/A11_B000862,[]
/Users/lincoln.harris/code/cerebra/cerebra/A10_B003518,[]
/Users/lincoln.harris/code/cerebra/cerebra/A11_B003577,[]
/Users/lincoln.harris/code/cerebra/cerebra/A11_B002079,[]
/Users/lincoln.harris/code/cerebra/cerebra/A11_B001558,[]
/Users/lincoln.harris/code/cerebra/cerebra/A11_B000861,[]
/Users/lincoln.harris/code/cerebra/cerebra/A10_B003527,[]
/Users/lincoln.harris/code/cerebra/cerebra/A11_B000860,[]
/Users/lincoln.harris/code/cerebra/cerebra/A10_B002572,[]
/Users/lincoln.harris/code/cerebra/cerebra/A10_B003523,[]
/Users/lincoln.harris/code/cerebra/cerebra/A10_B003125,[]
/Users/lincoln.harris/code/cerebra/cerebra/A11_B001007,[]
/Users/lincoln.harris/code/cerebra/cerebra/A11_B001470,[]
/Users/lincoln.harris/code/cerebra/cerebra/A11_B003528,[]
/Users/lincoln.harris/code/cerebra/cerebra/A10_1001000412,"['55161562', '55181370', '55171181']"
/Users/lincoln.harris/code/cerebra/cerebra/A10_1001000407,['55161562']
/Users/lincoln.harris/code/cerebra/cerebra/A10_B001554,[]
/Users/lincoln.harris/code/cerebra/cerebra/A11_B003067,[]
/Users/lincoln.harris/code/cerebra/cerebra/A11_1001000407,"['55161562', '55181370', '55171181']"
/Users/lincoln.harris/code/cerebra/cerebra/A10_B001545,[]
/Users/lincoln.harris/code/cerebra/cerebra/A11_1001000412,"['55161562', '55181370', '55171181']"
/Users/lincoln.harris/code/cerebra/cerebra/A11_B001475,[]
/Users/lincoln.harris/code/cerebra/cerebra/A11_B003115,[]
/Users/lincoln.harris/code/cerebra/cerebra/A11_B001474,[]
