/Users/lincoln.harris/code/cerebra/cerebra/wrkdir/artificalVCF/Z0_1000,[]
/Users/lincoln.harris/code/cerebra/cerebra/wrkdir/artificalVCF/B1_1002,[]
/Users/lincoln.harris/code/cerebra/cerebra/wrkdir/artificalVCF/B1_1003,[]
/Users/lincoln.harris/code/cerebra/cerebra/wrkdir/artificalVCF/Z0_1001,[]
/Users/lincoln.harris/code/cerebra/cerebra/wrkdir/artificalVCF/Z0_1003,[]
/Users/lincoln.harris/code/cerebra/cerebra/wrkdir/artificalVCF/B1_1001,[]
/Users/lincoln.harris/code/cerebra/cerebra/wrkdir/artificalVCF/B1_1000,[]
/Users/lincoln.harris/code/cerebra/cerebra/wrkdir/artificalVCF/Z0_1002,[]
/Users/lincoln.harris/code/cerebra/cerebra/wrkdir/artificalVCF/braf_V600E,[]
/Users/lincoln.harris/code/cerebra/cerebra/wrkdir/artificalVCF/B1_1004,[]
/Users/lincoln.harris/code/cerebra/cerebra/wrkdir/artificalVCF/Z0_1004,[]
/Users/lincoln.harris/code/cerebra/cerebra/wrkdir/artificalVCF/E1_1004,[]
/Users/lincoln.harris/code/cerebra/cerebra/wrkdir/artificalVCF/E1_1003,[]
/Users/lincoln.harris/code/cerebra/cerebra/wrkdir/artificalVCF/E1_1002,[]
/Users/lincoln.harris/code/cerebra/cerebra/wrkdir/artificalVCF/egfr_S768I,['55181312']
/Users/lincoln.harris/code/cerebra/cerebra/wrkdir/artificalVCF/E1_1000,[]
/Users/lincoln.harris/code/cerebra/cerebra/wrkdir/artificalVCF/E1_1001,[]
/Users/lincoln.harris/code/cerebra/cerebra/wrkdir/artificalVCF/K1_1004,[]
/Users/lincoln.harris/code/cerebra/cerebra/wrkdir/artificalVCF/K1_1001,[]
/Users/lincoln.harris/code/cerebra/cerebra/wrkdir/artificalVCF/K1_1000,[]
/Users/lincoln.harris/code/cerebra/cerebra/wrkdir/artificalVCF/K1_1002,[]
/Users/lincoln.harris/code/cerebra/cerebra/wrkdir/artificalVCF/K1_1003,[]
/Users/lincoln.harris/code/cerebra/cerebra/wrkdir/artificalVCF/kras_G12C,[]
/Users/lincoln.harris/code/cerebra/cerebra/wrkdir/artificalVCF/egfr_L861Q,['55191831']
/Users/lincoln.harris/code/cerebra/cerebra/wrkdir/artificalVCF/egfr_L858R_test,['55191822']
/Users/lincoln.harris/code/cerebra/cerebra/wrkdir/artificalVCF/egfr_T790M,['55181378']
/Users/lincoln.harris/code/cerebra/cerebra/wrkdir/artificalVCF/kras_G13C,[]
