Gene name,"1048577        SPG7_ENST00000341316
1048580    RALGAPA2_ENST00000430436
6                              LYST
2097159        FBN2_ENST00000508053
3145737                       NLRP1
3145738                       TECTA
3145739      PCDHA1_ENST00000504120
2097166        NRG3_ENST00000372142
3145744       SEPT6_ENST00000394617
18                              BTK
20                            PRDM9
21                             LRP1
22                            SPTA1
23             MLL3_ENST00000355193
24                           ABCA13
25                           CAMKK2
26                          FAM75D4
27                          PIK3AP1
1048598                      PLXDC2
1048601                      MANSC1
1048606     DNAJC21_ENST00000303525
1048607        RGS3_ENST00000374140
32                            PTPRB
1048608                        CUBN
34                             GGT1
35                             FZD1
2097184                    LOC51059
37                              IDE
38                           ANUBL1
3145764                        LYST
                     ...           
5242807                       FANCM
1048506                       MUC17
4194235                       VARS2
5242813                       KCNE1
1048512                     ZC3H12B
3145664                        PHC2
4194241                        H1F0
1048517                       CADM1
1048518                       SPTA1
2097094                       PARP9
2097095     GATAD2A_ENST00000360315
4194249             ENSG00000214944
5242821                      ZNF536
2097099                       GALR1
1048529                        AIM1
4194258                        FGD5
5242834                       OR5L1
4194262                 K0087_HUMAN
5242845                        DPP4
2097118       EPHA3_ENST00000452448
1048548                        CTTN
2097125                       FBXL7
4194277     SMARCA4_ENST00000358026
3145704                        PMM1
3145705       PRKCB_ENST00000303531
3145706                       MYO1B
4194288      ZNF423_ENST00000561874
4194293      CTNNA2_ENST00000466387
4194294        FLT4_ENST00000261937
2097149                       AKAP8
Name: Gene name, Length: 611646, dtype: object"
Accession Number,"1048577    ENST00000341316
1048580    ENST00000430436
6          ENST00000389793
2097159    ENST00000508053
3145737    ENST00000572272
3145738    ENST00000392793
3145739    ENST00000504120
2097166    ENST00000372142
3145744    ENST00000394617
18         ENST00000308731
20         ENST00000296682
21         ENST00000243077
22         ENST00000368148
23         ENST00000355193
24         ENST00000319379
25         ENST00000324774
26         ENST00000344803
27         ENST00000339364
1048598    ENST00000377252
1048601    ENST00000535902
1048606    ENST00000303525
1048607    ENST00000374140
32             NM_002837.2
1048608    ENST00000377833
34         ENST00000400380
35         ENST00000287934
2097184    ENST00000395297
37         ENST00000265986
38         ENST00000344646
3145764    ENST00000389793
                ...       
5242807    ENST00000267430
1048506    ENST00000306151
4194235    ENST00000321897
5242813    ENST00000399284
1048512     NM_001010888.1
3145664    ENST00000257118
4194241    ENST00000340857
1048517    ENST00000452722
1048518    ENST00000368148
2097094    ENST00000360356
2097095    ENST00000360315
4194249    ENST00000545377
5242821    ENST00000355537
2097099    ENST00000299727
1048529    ENST00000369066
4194258        NM_152536.2
5242834    ENST00000333973
4194262    ENST00000242109
5242845    ENST00000360534
2097118    ENST00000452448
1048548    ENST00000301843
2097125    ENST00000504595
4194277    ENST00000358026
3145704    ENST00000216259
3145705    ENST00000303531
3145706    ENST00000339514
4194288    ENST00000561874
4194293    ENST00000466387
4194294    ENST00000261937
2097149    ENST00000269701
Name: Accession Number, Length: 611646, dtype: object"
Gene CDS length,"1048577     1470
1048580     5223
6          11406
2097159     8739
3145737     4422
3145738     6468
3145739     2853
2097166     1500
3145744     1374
18          1980
20          2685
21         13635
22          7260
23         14907
24         15012
25          1767
26          4731
27          2418
1048598     1590
1048601     1296
1048606     1635
1048607     3597
32          5994
1048608    10872
34          1710
35          1944
2097184     4221
37          3060
38          2184
3145764    11406
           ...  
5242807     6147
1048506    13482
4194235     3192
5242813      390
1048512     2319
3145664     2577
4194241      585
1048517     1329
1048518     7260
2097094     2565
2097095     1902
4194249     5196
5242821     3903
2097099     1050
1048529     5172
4194258     3666
5242834      936
4194262      417
5242845     2301
2097118     1620
1048548     1653
2097125     1476
4194277     5040
3145704      789
3145705     2022
3145706     3237
4194288      303
4194293     2718
4194294     4092
2097149     2079
Name: Gene CDS length, Length: 611646, dtype: int64"
HGNC ID,"1048577    11237
1048580    16207
6           1968
2097159     3604
3145737    14374
3145738    11720
3145739     8663
2097166     7999
3145744    15848
18          1133
20         13994
21          6692
22           NaN
23         13726
24           NaN
25          1470
26         37283
27         30034
1048598    21013
1048601    25505
1048606    27030
1048607      NaN
32          9665
1048608     2548
34          4250
35          4038
2097184      NaN
37          5381
38         23504
3145764     1968
           ...  
5242807    23168
1048506    16800
4194235    21642
5242813     6240
1048512    17407
3145664     3183
4194241     4714
1048517     5951
1048518      NaN
2097094    24118
2097095      NaN
4194249    30322
5242821    29025
2097099     4132
1048529      356
4194258    19117
5242834     8350
4194262    22191
5242845     3009
2097118     3387
1048548     3338
2097125    13604
4194277    11100
3145704     9114
3145705      NaN
3145706     7596
4194288    16762
4194293     2510
4194294     3767
2097149      378
Name: HGNC ID, Length: 611646, dtype: object"
Sample name,"1048577           IGC-02-1225
1048580       TCGA-18-3411-01
6             TCGA-05-4427-01
2097159       TCGA-44-8117-01
3145737           LUAD-S01315
3145738       TCGA-50-6594-01
3145739       TCGA-05-4398-01
2097166                S02397
3145744       TCGA-86-8075-01
18                     S01728
20                     S00539
21                LUAD-B02477
22                LUAD-F00121
23                LUAD-E00897
24          LUAD-CHTN-3090415
25                LUAD-S01356
26                LUAD-S01304
27             LUAD-RT-S01818
1048598       TCGA-78-7155-01
1048601                585223
1048606       TCGA-66-2766-01
1048607       TCGA-50-6590-01
32            TCGA-05-4390-01
1048608       TCGA-97-7937-01
34                         A6
35            TCGA-05-4410-01
2097184                S00945
37            TCGA-78-7152-01
38            TCGA-78-7149-01
3145764                S02289
                  ...        
5242807           LUAD-NYU252
1048506               2334191
4194235                S01512
5242813           LUAD-F00368
1048512     2014_Lung_sq_92_T
3145664    2014_Lung_sq_103_T
4194241       TCGA-78-7539-01
1048517                 400LC
1048518                2734_T
2097094                134430
2097095       TCGA-63-6202-01
4194249       TCGA-33-4566-01
5242821     2014_Lung_sq_60_T
2097099       TCGA-60-2724-01
1048529                 H1155
4194258       TCGA-78-7146-01
5242834       TCGA-38-4626-01
4194262                2275_T
5242845                 J87_T
2097118           IGC-04-1143
1048548    2014_Lung_sq_102_T
2097125       TCGA-33-4566-01
4194277       TCGA-69-7974-01
3145704     2014_Lung_sq_67_T
3145705       TCGA-50-5066-02
3145706       TCGA-34-5929-01
4194288       TCGA-69-7765-01
4194293           LUAD-F00162
4194294    2014_Lung_sq_103_T
2097149           IGC-12-1064
Name: Sample name, Length: 611646, dtype: object"
ID_sample,"1048577    2662282
1048580    1780322
6          1780073
2097159    1913989
3145737    1765261
3145738    1780172
3145739    1780060
2097166    2480924
3145744    1914090
18         2480858
20         2480815
21         1765175
22         1765206
23         1765243
24         1765197
25         1765097
26         1765165
27         1765224
1048598    1914061
1048601    1759406
1048606    1782659
1048607    1780168
32         1780056
1048608    1914110
34         2409504
35         1780064
2097184    2480837
37         1914058
38         1914056
3145764    2480893
            ...   
5242807    1765120
1048506    1759435
4194235    2480850
5242813    1765250
1048512    2744859
3145664    2744870
4194241    1914074
1048517    2637255
1048518    2194947
2097094    1759394
2097095    1782392
4194249    1781104
5242821    2744931
2097099    1782337
1048529    1870263
4194258    1914053
5242834    1780090
4194262    2194907
5242845    2194979
2097118    2662306
1048548    2744869
2097125    1781104
4194277    1914041
3145704    2744938
3145705    1914124
3145706    1781318
4194288    1914039
4194293    1765247
4194294    2744870
2097149    2662359
Name: ID_sample, Length: 611646, dtype: int64"
ID_tumour,"1048577    2522406
1048580    1684321
6          1684072
2097159    1802271
3145737    1669581
3145738    1684171
3145739    1684059
2097166    2343669
3145744    1802372
18         2343603
20         2343560
21         1669495
22         1669526
23         1669563
24         1669517
25         1669417
26         1669485
27         1669544
1048598    1802343
1048601    1664154
1048606    1686658
1048607    1684167
32         1684055
1048608    1802392
34         2272384
35         1684063
2097184    2343582
37         1802340
38         1802338
3145764    2343638
            ...   
5242807    1669440
1048506    1664183
4194235    2343595
5242813    1669570
1048512    2603562
3145664    2603573
4194241    1802356
1048517    2497628
1048518    2063225
2097094    1664142
2097095    1686391
4194249    1685103
5242821    2603634
2097099    1686336
1048529    1761056
4194258    1802335
5242834    1684089
4194262    2063185
5242845    2063257
2097118    2522430
1048548    2603572
2097125    1685103
4194277    1802323
3145704    2603641
3145705    1802406
3145706    1685317
4194288    1802321
4194293    1669567
4194294    2603573
2097149    2522483
Name: ID_tumour, Length: 611646, dtype: int64"
Primary site,"1048577    lung
1048580    lung
6          lung
2097159    lung
3145737    lung
3145738    lung
3145739    lung
2097166    lung
3145744    lung
18         lung
20         lung
21         lung
22         lung
23         lung
24         lung
25         lung
26         lung
27         lung
1048598    lung
1048601    lung
1048606    lung
1048607    lung
32         lung
1048608    lung
34         lung
35         lung
2097184    lung
37         lung
38         lung
3145764    lung
           ... 
5242807    lung
1048506    lung
4194235    lung
5242813    lung
1048512    lung
3145664    lung
4194241    lung
1048517    lung
1048518    lung
2097094    lung
2097095    lung
4194249    lung
5242821    lung
2097099    lung
1048529    lung
4194258    lung
5242834    lung
4194262    lung
5242845    lung
2097118    lung
1048548    lung
2097125    lung
4194277    lung
3145704    lung
3145705    lung
3145706    lung
4194288    lung
4194293    lung
4194294    lung
2097149    lung
Name: Primary site, Length: 611646, dtype: object"
Site subtype 1,"1048577                  NS
1048580                  NS
6                        NS
2097159    right_upper_lobe
3145737                  NS
3145738                  NS
3145739                  NS
2097166                  NS
3145744    right_upper_lobe
18                       NS
20                       NS
21                       NS
22                       NS
23                       NS
24                       NS
25                       NS
26                       NS
27                       NS
1048598    right_upper_lobe
1048601                  NS
1048606                  NS
1048607                  NS
32                       NS
1048608    right_upper_lobe
34                       NS
35                       NS
2097184                  NS
37         right_upper_lobe
38         right_lower_lobe
3145764                  NS
                 ...       
5242807                  NS
1048506                  NS
4194235                  NS
5242813                  NS
1048512                  NS
3145664                  NS
4194241    right_upper_lobe
1048517                  NS
1048518                  NS
2097094                  NS
2097095                  NS
4194249                  NS
5242821                  NS
2097099                  NS
1048529                  NS
4194258    right_lower_lobe
5242834                  NS
4194262                  NS
5242845                  NS
2097118                  NS
1048548                  NS
2097125                  NS
4194277    right_upper_lobe
3145704                  NS
3145705    right_upper_lobe
3145706                  NS
4194288    right_upper_lobe
4194293                  NS
4194294                  NS
2097149                  NS
Name: Site subtype 1, Length: 611646, dtype: object"
Site subtype 2,"1048577    NS
1048580    NS
6          NS
2097159    NS
3145737    NS
3145738    NS
3145739    NS
2097166    NS
3145744    NS
18         NS
20         NS
21         NS
22         NS
23         NS
24         NS
25         NS
26         NS
27         NS
1048598    NS
1048601    NS
1048606    NS
1048607    NS
32         NS
1048608    NS
34         NS
35         NS
2097184    NS
37         NS
38         NS
3145764    NS
           ..
5242807    NS
1048506    NS
4194235    NS
5242813    NS
1048512    NS
3145664    NS
4194241    NS
1048517    NS
1048518    NS
2097094    NS
2097095    NS
4194249    NS
5242821    NS
2097099    NS
1048529    NS
4194258    NS
5242834    NS
4194262    NS
5242845    NS
2097118    NS
1048548    NS
2097125    NS
4194277    NS
3145704    NS
3145705    NS
3145706    NS
4194288    NS
4194293    NS
4194294    NS
2097149    NS
Name: Site subtype 2, Length: 611646, dtype: object"
Site subtype 3,"1048577    NS
1048580    NS
6          NS
2097159    NS
3145737    NS
3145738    NS
3145739    NS
2097166    NS
3145744    NS
18         NS
20         NS
21         NS
22         NS
23         NS
24         NS
25         NS
26         NS
27         NS
1048598    NS
1048601    NS
1048606    NS
1048607    NS
32         NS
1048608    NS
34         NS
35         NS
2097184    NS
37         NS
38         NS
3145764    NS
           ..
5242807    NS
1048506    NS
4194235    NS
5242813    NS
1048512    NS
3145664    NS
4194241    NS
1048517    NS
1048518    NS
2097094    NS
2097095    NS
4194249    NS
5242821    NS
2097099    NS
1048529    NS
4194258    NS
5242834    NS
4194262    NS
5242845    NS
2097118    NS
1048548    NS
2097125    NS
4194277    NS
3145704    NS
3145705    NS
3145706    NS
4194288    NS
4194293    NS
4194294    NS
2097149    NS
Name: Site subtype 3, Length: 611646, dtype: object"
Primary histology,"1048577    carcinoma
1048580    carcinoma
6          carcinoma
2097159    carcinoma
3145737    carcinoma
3145738    carcinoma
3145739    carcinoma
2097166    carcinoma
3145744    carcinoma
18         carcinoma
20         carcinoma
21         carcinoma
22         carcinoma
23         carcinoma
24         carcinoma
25         carcinoma
26         carcinoma
27         carcinoma
1048598    carcinoma
1048601    carcinoma
1048606    carcinoma
1048607    carcinoma
32         carcinoma
1048608    carcinoma
34         carcinoma
35         carcinoma
2097184    carcinoma
37         carcinoma
38         carcinoma
3145764    carcinoma
             ...    
5242807    carcinoma
1048506    carcinoma
4194235    carcinoma
5242813    carcinoma
1048512    carcinoma
3145664    carcinoma
4194241    carcinoma
1048517    carcinoma
1048518    carcinoma
2097094    carcinoma
2097095    carcinoma
4194249    carcinoma
5242821    carcinoma
2097099    carcinoma
1048529    carcinoma
4194258    carcinoma
5242834    carcinoma
4194262    carcinoma
5242845    carcinoma
2097118    carcinoma
1048548    carcinoma
2097125    carcinoma
4194277    carcinoma
3145704    carcinoma
3145705    carcinoma
3145706    carcinoma
4194288    carcinoma
4194293    carcinoma
4194294    carcinoma
2097149    carcinoma
Name: Primary histology, Length: 611646, dtype: object"
Histology subtype 1,"1048577             adenocarcinoma
1048580    squamous_cell_carcinoma
6                   adenocarcinoma
2097159             adenocarcinoma
3145737             adenocarcinoma
3145738             adenocarcinoma
3145739             adenocarcinoma
2097166       small_cell_carcinoma
3145744             adenocarcinoma
18            small_cell_carcinoma
20            small_cell_carcinoma
21                  adenocarcinoma
22                  adenocarcinoma
23                  adenocarcinoma
24                  adenocarcinoma
25                  adenocarcinoma
26                  adenocarcinoma
27                  adenocarcinoma
1048598             adenocarcinoma
1048601       small_cell_carcinoma
1048606    squamous_cell_carcinoma
1048607             adenocarcinoma
32                  adenocarcinoma
1048608             adenocarcinoma
34                  adenocarcinoma
35                  adenocarcinoma
2097184       small_cell_carcinoma
37                  adenocarcinoma
38                  adenocarcinoma
3145764       small_cell_carcinoma
                    ...           
5242807             adenocarcinoma
1048506       small_cell_carcinoma
4194235       small_cell_carcinoma
5242813             adenocarcinoma
1048512                         NS
3145664                         NS
4194241             adenocarcinoma
1048517    squamous_cell_carcinoma
1048518    squamous_cell_carcinoma
2097094       small_cell_carcinoma
2097095    squamous_cell_carcinoma
4194249    squamous_cell_carcinoma
5242821                         NS
2097099    squamous_cell_carcinoma
1048529       small_cell_carcinoma
4194258             adenocarcinoma
5242834             adenocarcinoma
4194262    squamous_cell_carcinoma
5242845    squamous_cell_carcinoma
2097118             adenocarcinoma
1048548                         NS
2097125    squamous_cell_carcinoma
4194277             adenocarcinoma
3145704                         NS
3145705             adenocarcinoma
3145706    squamous_cell_carcinoma
4194288             adenocarcinoma
4194293             adenocarcinoma
4194294                         NS
2097149             adenocarcinoma
Name: Histology subtype 1, Length: 611646, dtype: object"
Histology subtype 2,"1048577    NS
1048580    NS
6          NS
2097159    NS
3145737    NS
3145738    NS
3145739    NS
2097166    NS
3145744    NS
18         NS
20         NS
21         NS
22         NS
23         NS
24         NS
25         NS
26         NS
27         NS
1048598    NS
1048601    NS
1048606    NS
1048607    NS
32         NS
1048608    NS
34         NS
35         NS
2097184    NS
37         NS
38         NS
3145764    NS
           ..
5242807    NS
1048506    NS
4194235    NS
5242813    NS
1048512    NS
3145664    NS
4194241    NS
1048517    NS
1048518    NS
2097094    NS
2097095    NS
4194249    NS
5242821    NS
2097099    NS
1048529    NS
4194258    NS
5242834    NS
4194262    NS
5242845    NS
2097118    NS
1048548    NS
2097125    NS
4194277    NS
3145704    NS
3145705    NS
3145706    NS
4194288    NS
4194293    NS
4194294    NS
2097149    NS
Name: Histology subtype 2, Length: 611646, dtype: object"
Histology subtype 3,"1048577    NS
1048580    NS
6          NS
2097159    NS
3145737    NS
3145738    NS
3145739    NS
2097166    NS
3145744    NS
18         NS
20         NS
21         NS
22         NS
23         NS
24         NS
25         NS
26         NS
27         NS
1048598    NS
1048601    NS
1048606    NS
1048607    NS
32         NS
1048608    NS
34         NS
35         NS
2097184    NS
37         NS
38         NS
3145764    NS
           ..
5242807    NS
1048506    NS
4194235    NS
5242813    NS
1048512    NS
3145664    NS
4194241    NS
1048517    NS
1048518    NS
2097094    NS
2097095    NS
4194249    NS
5242821    NS
2097099    NS
1048529    NS
4194258    NS
5242834    NS
4194262    NS
5242845    NS
2097118    NS
1048548    NS
2097125    NS
4194277    NS
3145704    NS
3145705    NS
3145706    NS
4194288    NS
4194293    NS
4194294    NS
2097149    NS
Name: Histology subtype 3, Length: 611646, dtype: object"
Genome-wide screen,"1048577    y
1048580    y
6          y
2097159    y
3145737    y
3145738    y
3145739    y
2097166    y
3145744    y
18         y
20         y
21         y
22         y
23         y
24         y
25         y
26         y
27         y
1048598    y
1048601    y
1048606    y
1048607    y
32         y
1048608    y
34         y
35         y
2097184    y
37         y
38         y
3145764    y
          ..
5242807    y
1048506    y
4194235    y
5242813    y
1048512    y
3145664    y
4194241    y
1048517    y
1048518    y
2097094    y
2097095    y
4194249    y
5242821    y
2097099    y
1048529    y
4194258    y
5242834    y
4194262    y
5242845    y
2097118    y
1048548    y
2097125    y
4194277    y
3145704    y
3145705    y
3145706    y
4194288    y
4194293    y
4194294    y
2097149    y
Name: Genome-wide screen, Length: 611646, dtype: object"
Mutation ID,"1048577    COSM6523115
1048580    COSM1647376
6          COSM6062146
2097159    COSM6168795
3145737     COSM344558
3145738    COSM6067828
3145739    COSM6101782
2097166    COSM5699022
3145744    COSM6185168
18          COSM309556
20          COSM314411
21          COSM335799
22          COSM365584
23          COSM364770
24          COSM357396
25          COSM397972
26          COSM385519
27          COSM383791
1048598    COSM6065533
1048601     COSM321567
1048606    COSM1647818
1048607    COSM6114339
32         COSM6073684
1048608    COSM6129063
34          COSM478815
35         COSM6110807
2097184     COSM311028
37         COSM6130844
38         COSM6129675
3145764    COSM5685854
              ...     
5242807     COSM371570
1048506     COSM321805
4194235     COSM316445
5242813     COSM367687
1048512    COSM3965424
3145664    COSM3997485
4194241    COSM6162300
1048517    COSM6483757
1048518    COSM3976313
2097094     COSM326063
2097095     COSM711010
4194249     COSM739255
5242821    COSM4131602
2097099     COSM708861
1048529    COSM1195098
4194258    COSM6163342
5242834    COSM6069026
4194262    COSM3950368
5242845    COSM3961367
2097118    COSM6511268
1048548    COSM3752707
2097125     COSM736977
4194277    COSM1524018
3145704    COSM7252030
3145705    COSM6144044
3145706     COSM718774
4194288    COSM6144469
4194293     COSM366311
4194294     COSM449470
2097149    COSM6524708
Name: Mutation ID, Length: 611646, dtype: object"
Mutation CDS,"1048577         c.94G>A
1048580        c.516G>A
6             c.1078G>T
2097159       c.3150G>T
3145737       c.4360C>T
3145738        c.585C>A
3145739       c.2254C>T
2097166       c.1177C>A
3145744        c.571T>A
18            c.1803T>C
20             c.410C>T
21            c.4935C>T
22             c.487T>C
23            c.7894C>T
24           c.10157C>G
25             c.825G>T
26            c.3891G>A
27          c.1941+1G>T
1048598        c.325G>C
1048601        c.779C>G
1048606        c.976G>C
1048607        c.685T>G
32            c.1230C>A
1048608       c.6820A>T
34            c.1356C>A
35            c.1504G>T
2097184        c.483G>T
37             c.165C>T
38             c.958G>C
3145764       c.4569G>C
               ...     
5242807       c.5705G>A
1048506       c.8552C>A
4194235       c.1230G>T
5242813        c.111C>T
1048512       c.2102C>A
3145664     c.1556-7C>T
4194241          c.7G>C
1048517        c.311G>T
1048518       c.5418G>T
2097094       c.1259A>C
2097095       c.1548C>A
4194249       c.1329G>T
5242821       c.2469T>C
2097099       c.1047G>A
1048529       c.2350G>A
4194258        c.383C>A
5242834        c.460G>T
4194262        c.348G>T
5242845    c.1023+10A>G
2097118        c.719C>A
1048548         c.72C>T
2097125        c.278C>A
4194277       c.2457G>A
3145704         c.13G>T
3145705       c.1805A>T
3145706       c.1306C>T
4194288        c.121G>T
4194293       c.2493G>T
4194294       c.2670C>G
2097149         c.73G>T
Name: Mutation CDS, Length: 611646, dtype: object"
Mutation AA,"1048577      p.G32R
1048580     p.T172T
6           p.A360S
2097159    p.T1050T
3145737    p.H1454Y
3145738     p.G195G
3145739     p.Q752*
2097166     p.P393T
3145744     p.S191T
18          p.F601F
20          p.A137V
21         p.N1645N
22          p.Y163H
23         p.Q2632*
24         p.S3386C
25          p.V275V
26         p.V1297V
27              p.?
1048598     p.E109Q
1048601     p.S260C
1048606     p.E326Q
1048607     p.S229A
32          p.I410I
1048608    p.N2274Y
34          p.S452S
35          p.G502C
2097184     p.L161L
37           p.T55T
38          p.D320H
3145764    p.E1523D
             ...   
5242807    p.R1902K
1048506    p.P2851H
4194235     p.L410F
5242813      p.S37S
1048512     p.P701H
3145664         p.?
4194241       p.E3Q
1048517     p.S104I
1048518    p.E1806D
2097094     p.Q420P
2097095     p.R516R
4194249     p.Q443H
5242821     p.D823D
2097099     p.V349V
1048529     p.A784T
4194258     p.A128E
5242834     p.V154L
4194262     p.L116F
5242845         p.?
2097118     p.P240Q
1048548      p.T24T
2097125      p.P93Q
4194277     p.A819A
3145704       p.A5S
3145705     p.Y602F
3145706     p.H436Y
4194288      p.A41S
4194293     p.T831T
4194294     p.H890Q
2097149      p.G25C
Name: Mutation AA, Length: 611646, dtype: object"
Mutation Description,"1048577         Substitution - Missense
1048580    Substitution - coding silent
6               Substitution - Missense
2097159    Substitution - coding silent
3145737         Substitution - Missense
3145738    Substitution - coding silent
3145739         Substitution - Nonsense
2097166         Substitution - Missense
3145744         Substitution - Missense
18         Substitution - coding silent
20              Substitution - Missense
21         Substitution - coding silent
22              Substitution - Missense
23              Substitution - Nonsense
24              Substitution - Missense
25         Substitution - coding silent
26         Substitution - coding silent
27                              Unknown
1048598         Substitution - Missense
1048601         Substitution - Missense
1048606         Substitution - Missense
1048607         Substitution - Missense
32         Substitution - coding silent
1048608         Substitution - Missense
34         Substitution - coding silent
35              Substitution - Missense
2097184    Substitution - coding silent
37         Substitution - coding silent
38              Substitution - Missense
3145764         Substitution - Missense
                       ...             
5242807         Substitution - Missense
1048506         Substitution - Missense
4194235         Substitution - Missense
5242813    Substitution - coding silent
1048512         Substitution - Missense
3145664                         Unknown
4194241         Substitution - Missense
1048517         Substitution - Missense
1048518         Substitution - Missense
2097094         Substitution - Missense
2097095    Substitution - coding silent
4194249         Substitution - Missense
5242821    Substitution - coding silent
2097099    Substitution - coding silent
1048529         Substitution - Missense
4194258         Substitution - Missense
5242834         Substitution - Missense
4194262         Substitution - Missense
5242845                         Unknown
2097118         Substitution - Missense
1048548    Substitution - coding silent
2097125         Substitution - Missense
4194277    Substitution - coding silent
3145704         Substitution - Missense
3145705         Substitution - Missense
3145706         Substitution - Missense
4194288         Substitution - Missense
4194293    Substitution - coding silent
4194294         Substitution - Missense
2097149         Substitution - Missense
Name: Mutation Description, Length: 611646, dtype: object"
Mutation zygosity,"1048577    NaN
1048580    NaN
6          NaN
2097159    NaN
3145737    NaN
3145738    NaN
3145739    NaN
2097166    NaN
3145744    NaN
18         NaN
20         NaN
21         NaN
22         NaN
23         NaN
24         NaN
25         NaN
26         NaN
27         NaN
1048598    NaN
1048601    NaN
1048606    NaN
1048607    NaN
32         NaN
1048608    NaN
34         NaN
35         NaN
2097184    NaN
37         NaN
38         NaN
3145764    NaN
          ... 
5242807    NaN
1048506    NaN
4194235    NaN
5242813    NaN
1048512    NaN
3145664    NaN
4194241    NaN
1048517    het
1048518    NaN
2097094    NaN
2097095    NaN
4194249    NaN
5242821    NaN
2097099    NaN
1048529    NaN
4194258    NaN
5242834    NaN
4194262    NaN
5242845    NaN
2097118    NaN
1048548    NaN
2097125    NaN
4194277    NaN
3145704    NaN
3145705    NaN
3145706    NaN
4194288    NaN
4194293    NaN
4194294    NaN
2097149    NaN
Name: Mutation zygosity, Length: 611646, dtype: object"
LOH,"1048577    u
1048580    u
6          u
2097159    u
3145737    u
3145738    u
3145739    u
2097166    u
3145744    u
18         u
20         u
21         u
22         u
23         u
24         u
25         u
26         u
27         u
1048598    u
1048601    u
1048606    u
1048607    u
32         u
1048608    u
34         u
35         u
2097184    u
37         u
38         u
3145764    u
          ..
5242807    u
1048506    u
4194235    u
5242813    u
1048512    u
3145664    u
4194241    u
1048517    u
1048518    u
2097094    u
2097095    u
4194249    u
5242821    u
2097099    u
1048529    u
4194258    u
5242834    u
4194262    u
5242845    u
2097118    u
1048548    u
2097125    u
4194277    u
3145704    u
3145705    u
3145706    u
4194288    u
4194293    u
4194294    u
2097149    u
Name: LOH, Length: 611646, dtype: object"
GRCh,"1048577    38.0
1048580    38.0
6          38.0
2097159    38.0
3145737    38.0
3145738    38.0
3145739    38.0
2097166    38.0
3145744    38.0
18         38.0
20         38.0
21         38.0
22         38.0
23         38.0
24         38.0
25         38.0
26         38.0
27         38.0
1048598    38.0
1048601    38.0
1048606    38.0
1048607    38.0
32         38.0
1048608    38.0
34         38.0
35         38.0
2097184    38.0
37         38.0
38         38.0
3145764    38.0
           ... 
5242807    38.0
1048506    38.0
4194235    38.0
5242813    38.0
1048512    38.0
3145664    38.0
4194241    38.0
1048517    38.0
1048518    38.0
2097094    38.0
2097095    38.0
4194249    38.0
5242821    38.0
2097099    38.0
1048529    38.0
4194258    38.0
5242834    38.0
4194262    38.0
5242845    38.0
2097118    38.0
1048548    38.0
2097125    38.0
4194277    38.0
3145704    38.0
3145705    38.0
3145706    38.0
4194288    38.0
4194293    38.0
4194294    38.0
2097149    38.0
Name: GRCh, Length: 611646, dtype: float64"
Mutation genome position,"1048577      16:89508511-89508511
1048580      20:20629530-20629530
6           1:235809740-235809740
2097159     5:128345424-128345424
3145737        17:5514816-5514816
3145738    11:121113170-121113170
3145739     5:140788544-140788544
2097166      10:82985282-82985282
3145744    23:119652901-119652901
18         23:101353299-101353299
20            5:23521081-23521081
21           12:57179525-57179525
22          1:158681571-158681571
23          7:152177559-152177559
24            7:48350760-48350760
25         12:121255632-121255632
26            9:81994361-81994361
27           10:96620351-96620351
1048598      10:20046869-20046869
1048601      12:12330544-12330544
1048606       5:34941176-34941176
1048607     9:113485689-113485689
32           12:70590130-70590130
1048608      10:16919964-16919964
34           22:24628100-24628100
35            7:91266384-91266384
2097184     8:138250900-138250900
37           10:92537484-92537484
38           10:45626865-45626865
3145764     1:235788820-235788820
                    ...          
5242807      14:45196536-45196536
1048506     7:101039968-101039968
4194235       6:30920153-30920153
5242813      21:34449524-34449524
1048512      23:65502992-65502992
3145664       1:33334299-33334299
4194241      22:37805551-37805551
1048517    11:115238613-115238613
1048518     1:158635927-158635927
2097094     3:122550756-122550756
2097095      19:19502016-19502016
4194249       5:73840662-73840662
5242821      19:30548088-30548088
2097099      18:77268899-77268899
1048529     6:106520782-106520782
4194258       3:14820177-14820177
5242834      11:55811926-55811926
4194262       7:26536822-26536822
5242845     2:162024794-162024794
2097118       3:89210425-89210425
1048548      11:70407369-70407369
2097125       5:15928040-15928040
4194277      19:11018975-11018975
3145704      22:41589793-41589793
3145705      16:24191172-24191172
3145706     2:191383295-191383295
4194288      16:49730927-49730927
4194293       2:80647647-80647647
4194294     5:180619344-180619344
2097149      19:15374621-15374621
Name: Mutation genome position, Length: 611646, dtype: object"
Mutation strand,"1048577    +
1048580    -
6          -
2097159    -
3145737    -
3145738    +
3145739    +
2097166    +
3145744    -
18         -
20         +
21         +
22         -
23         -
24         +
25         -
26         +
27         -
1048598    +
1048601    -
1048606    +
1048607    +
32         -
1048608    -
34         +
35         +
2097184    -
37         -
38         -
3145764    -
          ..
5242807    +
1048506    +
4194235    +
5242813    -
1048512    +
3145664    -
4194241    +
1048517    -
1048518    -
2097094    -
2097095    +
4194249    +
5242821    +
2097099    +
1048529    +
4194258    +
5242834    +
4194262    -
5242845    -
2097118    +
1048548    +
2097125    +
4194277    +
3145704    -
3145705    +
3145706    +
4194288    -
4194293    +
4194294    -
2097149    -
Name: Mutation strand, Length: 611646, dtype: object"
SNP,"1048577    n
1048580    n
6          n
2097159    n
3145737    n
3145738    n
3145739    n
2097166    n
3145744    n
18         n
20         n
21         n
22         n
23         n
24         n
25         n
26         n
27         n
1048598    n
1048601    n
1048606    n
1048607    n
32         n
1048608    n
34         n
35         y
2097184    n
37         n
38         n
3145764    n
          ..
5242807    n
1048506    n
4194235    y
5242813    n
1048512    n
3145664    y
4194241    n
1048517    n
1048518    n
2097094    n
2097095    n
4194249    n
5242821    y
2097099    n
1048529    n
4194258    n
5242834    n
4194262    n
5242845    n
2097118    n
1048548    y
2097125    n
4194277    n
3145704    y
3145705    n
3145706    n
4194288    n
4194293    n
4194294    y
2097149    n
Name: SNP, Length: 611646, dtype: object"
FATHMM prediction,"1048577       NEUTRAL
1048580    PATHOGENIC
6          PATHOGENIC
2097159       NEUTRAL
3145737       NEUTRAL
3145738       NEUTRAL
3145739       NEUTRAL
2097166    PATHOGENIC
3145744    PATHOGENIC
18         PATHOGENIC
20            NEUTRAL
21            NEUTRAL
22         PATHOGENIC
23         PATHOGENIC
24         PATHOGENIC
25         PATHOGENIC
26            NEUTRAL
27         PATHOGENIC
1048598    PATHOGENIC
1048601       NEUTRAL
1048606    PATHOGENIC
1048607       NEUTRAL
32            NEUTRAL
1048608    PATHOGENIC
34                NaN
35         PATHOGENIC
2097184    PATHOGENIC
37         PATHOGENIC
38         PATHOGENIC
3145764       NEUTRAL
              ...    
5242807    PATHOGENIC
1048506       NEUTRAL
4194235    PATHOGENIC
5242813       NEUTRAL
1048512    PATHOGENIC
3145664       NEUTRAL
4194241    PATHOGENIC
1048517    PATHOGENIC
1048518    PATHOGENIC
2097094       NEUTRAL
2097095           NaN
4194249       NEUTRAL
5242821       NEUTRAL
2097099    PATHOGENIC
1048529       NEUTRAL
4194258       NEUTRAL
5242834       NEUTRAL
4194262       NEUTRAL
5242845       NEUTRAL
2097118    PATHOGENIC
1048548       NEUTRAL
2097125    PATHOGENIC
4194277       NEUTRAL
3145704           NaN
3145705    PATHOGENIC
3145706    PATHOGENIC
4194288    PATHOGENIC
4194293       NEUTRAL
4194294    PATHOGENIC
2097149       NEUTRAL
Name: FATHMM prediction, Length: 611646, dtype: object"
FATHMM score,"1048577    0.11743
1048580    0.99592
6          0.93522
2097159    0.03313
3145737    0.08233
3145738    0.03121
3145739    0.41103
2097166    0.88074
3145744    0.94922
18         0.71271
20         0.00506
21         0.01660
22         0.95960
23         0.98145
24         0.87482
25         0.96803
26         0.00397
27         0.96383
1048598    0.98264
1048601    0.07955
1048606    0.99703
1048607    0.26868
32         0.08747
1048608    0.93255
34         0.69459
35         0.98258
2097184    0.94757
37         0.82902
38         0.91474
3145764    0.13903
            ...   
5242807    0.92130
1048506    0.02117
4194235    0.84099
5242813    0.00662
1048512    0.95930
3145664    0.11756
4194241    0.95446
1048517    0.96180
1048518    0.84024
2097094    0.03984
2097095    0.63143
4194249    0.10390
5242821    0.02452
2097099    0.94001
1048529    0.05215
4194258    0.06825
5242834    0.02288
4194262    0.04171
5242845    0.04309
2097118    0.98807
1048548    0.03957
2097125    0.99611
4194277    0.04367
3145704    0.61574
3145705    0.97627
3145706    0.97578
4194288    0.96048
4194293    0.05799
4194294    0.96676
2097149    0.39059
Name: FATHMM score, Length: 611646, dtype: float64"
Mutation somatic status,"1048577                       Confirmed somatic variant
1048580                       Variant of unknown origin
6                             Variant of unknown origin
2097159                       Variant of unknown origin
3145737                       Variant of unknown origin
3145738                       Variant of unknown origin
3145739                       Variant of unknown origin
2097166                       Confirmed somatic variant
3145744                       Variant of unknown origin
18                            Confirmed somatic variant
20                            Confirmed somatic variant
21                            Variant of unknown origin
22                            Variant of unknown origin
23         Reported in another cancer sample as somatic
24                            Variant of unknown origin
25                            Variant of unknown origin
26                            Variant of unknown origin
27                            Variant of unknown origin
1048598                       Variant of unknown origin
1048601                       Variant of unknown origin
1048606                       Variant of unknown origin
1048607                       Variant of unknown origin
32                            Variant of unknown origin
1048608                       Variant of unknown origin
34                            Confirmed somatic variant
35                            Variant of unknown origin
2097184                       Confirmed somatic variant
37                            Variant of unknown origin
38                            Variant of unknown origin
3145764                       Confirmed somatic variant
                               ...                     
5242807                       Variant of unknown origin
1048506                       Variant of unknown origin
4194235                       Confirmed somatic variant
5242813                       Variant of unknown origin
1048512                       Confirmed somatic variant
3145664                       Confirmed somatic variant
4194241                       Variant of unknown origin
1048517                       Confirmed somatic variant
1048518                       Confirmed somatic variant
2097094                       Confirmed somatic variant
2097095                       Confirmed somatic variant
4194249                       Variant of unknown origin
5242821                       Confirmed somatic variant
2097099                       Confirmed somatic variant
1048529                       Variant of unknown origin
4194258                       Variant of unknown origin
5242834                       Variant of unknown origin
4194262                       Confirmed somatic variant
5242845                       Confirmed somatic variant
2097118                       Confirmed somatic variant
1048548                       Confirmed somatic variant
2097125                       Variant of unknown origin
4194277    Reported in another cancer sample as somatic
3145704                       Confirmed somatic variant
3145705                       Variant of unknown origin
3145706                       Variant of unknown origin
4194288                       Variant of unknown origin
4194293                       Variant of unknown origin
4194294                       Confirmed somatic variant
2097149                       Confirmed somatic variant
Name: Mutation somatic status, Length: 611646, dtype: object"
Pubmed_PMID,"1048577    27923066.0
1048580           NaN
6                 NaN
2097159           NaN
3145737    22980975.0
3145738           NaN
3145739           NaN
2097166    26168399.0
3145744           NaN
18         26168399.0
20         26168399.0
21         22980975.0
22         22980975.0
23         22980975.0
24         22980975.0
25         22980975.0
26         22980975.0
27         22980975.0
1048598           NaN
1048601    22941189.0
1048606           NaN
1048607           NaN
32                NaN
1048608           NaN
34         25112956.0
35                NaN
2097184    26168399.0
37                NaN
38                NaN
3145764    26168399.0
              ...    
5242807    22980975.0
1048506    22941189.0
4194235    26168399.0
5242813    22980975.0
1048512           NaN
3145664           NaN
4194241           NaN
1048517    26503331.0
1048518           NaN
2097094    22941189.0
2097095           NaN
4194249           NaN
5242821           NaN
2097099           NaN
1048529    23033341.0
4194258           NaN
5242834           NaN
4194262           NaN
5242845           NaN
2097118    27923066.0
1048548           NaN
2097125           NaN
4194277           NaN
3145704           NaN
3145705           NaN
3145706           NaN
4194288           NaN
4194293    22980975.0
4194294           NaN
2097149    27923066.0
Name: Pubmed_PMID, Length: 611646, dtype: float64"
ID_STUDY,"1048577      NaN
1048580    418.0
6          417.0
2097159    417.0
3145737      NaN
3145738    417.0
3145739    417.0
2097166      NaN
3145744    417.0
18           NaN
20           NaN
21           NaN
22           NaN
23           NaN
24           NaN
25           NaN
26           NaN
27           NaN
1048598    417.0
1048601      NaN
1048606    418.0
1048607    417.0
32         417.0
1048608    417.0
34           NaN
35         417.0
2097184      NaN
37         417.0
38         417.0
3145764      NaN
           ...  
5242807      NaN
1048506      NaN
4194235      NaN
5242813      NaN
1048512    583.0
3145664    583.0
4194241    417.0
1048517      NaN
1048518    583.0
2097094      NaN
2097095    418.0
4194249    418.0
5242821    583.0
2097099    418.0
1048529      NaN
4194258    417.0
5242834    417.0
4194262    583.0
5242845    583.0
2097118      NaN
1048548    583.0
2097125    418.0
4194277    417.0
3145704    583.0
3145705    417.0
3145706    418.0
4194288    417.0
4194293      NaN
4194294    583.0
2097149      NaN
Name: ID_STUDY, Length: 611646, dtype: float64"
Sample Type,"1048577    surgery fresh/frozen
1048580      fresh/frozen - NOS
6            fresh/frozen - NOS
2097159      fresh/frozen - NOS
3145737           surgery - NOS
3145738      fresh/frozen - NOS
3145739      fresh/frozen - NOS
2097166    surgery fresh/frozen
3145744      fresh/frozen - NOS
18         surgery fresh/frozen
20         autopsy-fresh/frozen
21                surgery - NOS
22                surgery - NOS
23                surgery - NOS
24                surgery - NOS
25                surgery - NOS
26                surgery - NOS
27                surgery - NOS
1048598      fresh/frozen - NOS
1048601      fresh/frozen - NOS
1048606      fresh/frozen - NOS
1048607      fresh/frozen - NOS
32           fresh/frozen - NOS
1048608      fresh/frozen - NOS
34         surgery fresh/frozen
35           fresh/frozen - NOS
2097184    autopsy-fresh/frozen
37           fresh/frozen - NOS
38           fresh/frozen - NOS
3145764    surgery fresh/frozen
                   ...         
5242807           surgery - NOS
1048506               cell-line
4194235    surgery fresh/frozen
5242813           surgery - NOS
1048512                      NS
3145664                      NS
4194241      fresh/frozen - NOS
1048517    surgery fresh/frozen
1048518                      NS
2097094      fresh/frozen - NOS
2097095      fresh/frozen - NOS
4194249      fresh/frozen - NOS
5242821                      NS
2097099      fresh/frozen - NOS
1048529               cell-line
4194258      fresh/frozen - NOS
5242834      fresh/frozen - NOS
4194262                      NS
5242845                      NS
2097118    surgery fresh/frozen
1048548                      NS
2097125      fresh/frozen - NOS
4194277      fresh/frozen - NOS
3145704                      NS
3145705                      NS
3145706      fresh/frozen - NOS
4194288      fresh/frozen - NOS
4194293           surgery - NOS
4194294                      NS
2097149    surgery fresh/frozen
Name: Sample Type, Length: 611646, dtype: object"
Tumour origin,"1048577    primary
1048580    primary
6          primary
2097159    primary
3145737    primary
3145738    primary
3145739    primary
2097166    primary
3145744    primary
18         primary
20         primary
21         primary
22         primary
23         primary
24         primary
25         primary
26         primary
27         primary
1048598    primary
1048601    primary
1048606    primary
1048607    primary
32         primary
1048608    primary
34              NS
35         primary
2097184    primary
37         primary
38         primary
3145764    primary
            ...   
5242807    primary
1048506         NS
4194235    primary
5242813    primary
1048512    primary
3145664    primary
4194241    primary
1048517         NS
1048518         NS
2097094    primary
2097095    primary
4194249    primary
5242821    primary
2097099    primary
1048529         NS
4194258    primary
5242834    primary
4194262         NS
5242845         NS
2097118    primary
1048548    primary
2097125    primary
4194277    primary
3145704    primary
3145705         NS
3145706    primary
4194288    primary
4194293    primary
4194294    primary
2097149    primary
Name: Tumour origin, Length: 611646, dtype: object"
Age,"1048577     NaN
1048580    63.0
6          65.0
2097159    54.0
3145737    77.0
3145738    79.0
3145739    47.0
2097166    48.0
3145744    66.0
18         65.0
20         66.0
21         77.0
22         66.0
23         58.0
24         56.0
25         80.0
26         75.0
27          NaN
1048598    68.0
1048601     NaN
1048606    54.0
1048607    72.0
32         58.0
1048608    65.0
34         53.0
35         62.0
2097184    83.0
37         65.0
38         71.0
3145764    58.0
           ... 
5242807    70.0
1048506     NaN
4194235    64.0
5242813    82.0
1048512    63.0
3145664    65.0
4194241    75.0
1048517    62.0
1048518     NaN
2097094     NaN
2097095     NaN
4194249    40.0
5242821    53.0
2097099    47.0
1048529    36.0
4194258    71.0
5242834    57.0
4194262     NaN
5242845     NaN
2097118     NaN
1048548    74.0
2097125    40.0
4194277    54.0
3145704    58.0
3145705    72.0
3145706    78.0
4194288    56.0
4194293    80.0
4194294    65.0
2097149     NaN
Name: Age, Length: 611646, dtype: float64"
